day_of_arrival,mean_arrival_triage,mean_arrival_ed,mean_arrival_referral,arrival_medical_assessment,mean_arrival_consultant_assessment,sdec_appopriate,prop_sdec_accepted,time_in_ed,prop_>4hr_breach,prop_>12hr_breach,run_number,Scenario,DT Threshold
Fri,0.0,1.7179536909865938,34.33357445070449,2081.684969199499,3822.9156883073374,0.3768545994065282,0.01718213058419244,787.5163088640649,0.1572700296735905,0.1394658753709199,2,alt_dt_0.70,0.7
Mon,0.0,3.5464808635073,34.37676060876318,1811.9263586349437,3133.717134583826,0.001430615164520744,0.07666666666666666,453.8035160404007,0.09012875536480687,0.08011444921316166,2,alt_dt_0.70,0.7
Sat,0.0,1.8803130608375183,37.73454109233088,2142.153460711735,2225.7575425858467,0.4252199413489736,0.016181229773462782,130.20678131398452,0.03812316715542522,0.011730205278592375,2,alt_dt_0.70,0.7
Sun,0.0,1.6124806993108896,26.159583948720226,1992.086988497059,1981.1361285277624,0.40192926045016075,0.08333333333333333,120.23753334039631,0.05787781350482315,0.00964630225080386,2,alt_dt_0.70,0.7
Thu,0.0,1.7167061022309547,51.59844562356395,1804.9408038490892,3959.740127223646,0.4588607594936709,0.01824817518248175,964.874081812481,0.22151898734177214,0.19936708860759494,2,alt_dt_0.70,0.7
Tue,0.0,3.7335020996086508,34.90131035570177,1913.7340598586497,3352.964797765324,0.41025641025641024,0.017361111111111112,976.6463216636665,0.22792022792022792,0.20797720797720798,2,alt_dt_0.70,0.7
Wed,0.0,2.1894924488927745,40.79389608353309,1925.853541696579,3593.2089905043536,0.4105960264900662,0.0199203187250996,923.7651865887888,0.2152317880794702,0.18874172185430463,2,alt_dt_0.70,0.7
