day_of_arrival,mean_arrival_triage,mean_arrival_ed,mean_arrival_referral,arrival_medical_assessment,mean_arrival_consultant_assessment,sdec_appopriate,prop_sdec_accepted,time_in_ed,prop_>4hr_breach,prop_>12hr_breach,run_number,Scenario,DT Threshold
Fri,0.0,0.5914701811825132,41.06619696178913,3185.5389209401587,3280.13111768299,0.42857142857142855,0.019305019305019305,200.6660617927001,0.05782312925170068,0.023809523809523808,24,alt_dt_0.70,0.7
Mon,0.0,5.762684186018515,40.87913229670953,2204.799189807718,3481.8142885846073,0.0013020833333333333,0.0654490106544901,677.9145053216331,0.13932291666666666,0.11588541666666667,24,alt_dt_0.70,0.7
Sat,0.0,2.2694386216280855,50.738951573385144,3034.624251278028,3152.249479041319,0.42033898305084744,0.019230769230769232,138.86398848882683,0.023728813559322035,0.010169491525423728,24,alt_dt_0.70,0.7
Sun,0.0,4.629218200305796,29.55941090750646,,,0.4416403785488959,0.05734767025089606,93.99480722953861,0.01892744479495268,0.0,24,alt_dt_0.70,0.7
Thu,0.0,6.461694507068086,39.95385214122347,3314.319448933524,5311.869435357681,0.40974212034383956,0.016778523489932886,869.2988493884254,0.1174785100286533,0.09742120343839542,24,alt_dt_0.70,0.7
Tue,0.0,3.758769842789301,29.516659795833363,2740.8983768987855,4253.40585959041,0.39215686274509803,0.022082018927444796,1136.50929212136,0.22969187675070027,0.19887955182072828,24,alt_dt_0.70,0.7
Wed,0.0,4.256503866621004,37.050525875799806,3125.754036616354,4840.459896396785,0.3806970509383378,0.016129032258064516,1285.3874158688081,0.21447721179624665,0.1769436997319035,24,alt_dt_0.70,0.7
