day_of_arrival,mean_arrival_triage,mean_arrival_ed,mean_arrival_referral,arrival_medical_assessment,mean_arrival_consultant_assessment,sdec_appopriate,prop_sdec_accepted,time_in_ed,prop_>4hr_breach,prop_>12hr_breach,run_number,Scenario,DT Threshold
Fri,0.0,11.38364383158196,45.7495508281365,1959.8631154429447,3629.1917636010403,0.3352112676056338,0.016666666666666666,533.9655337582655,0.09859154929577464,0.07605633802816901,4,alt_dt_0.70,0.7
Mon,0.0,5.198198599325935,45.982764348948855,1019.5677638710716,2161.870647568768,0.0013477088948787063,0.0734094616639478,374.55872163818793,0.11859838274932614,0.0889487870619946,4,alt_dt_0.70,0.7
Sat,0.0,0.409979316107351,27.187205994260303,2363.3492285718976,2508.3112412206765,0.38620689655172413,0.01968503937007874,177.37919566030064,0.03793103448275862,0.02413793103448276,4,alt_dt_0.70,0.7
Sun,0.0,2.1476589617131716,44.618115432364654,2520.622814570474,2617.246856056312,0.4412811387900356,0.06276150627615062,118.9762602934179,0.028469750889679714,0.0071174377224199285,4,alt_dt_0.70,0.7
Thu,0.0,4.0456452638520455,25.103116444436623,1864.170186909862,3791.417822517602,0.38636363636363635,0.019762845849802372,1098.6743901524865,0.22727272727272727,0.20454545454545456,4,alt_dt_0.70,0.7
Tue,0.0,14.317793557515122,49.10346114449751,1399.688293677137,2807.983100624284,0.3746630727762803,0.01892744479495268,841.2465811776078,0.24797843665768193,0.215633423180593,4,alt_dt_0.70,0.7
Wed,0.0,3.119069635910286,33.35433250877034,1812.3435999007193,3286.1608849038043,0.38819875776397517,0.018518518518518517,964.2518441583732,0.2360248447204969,0.20496894409937888,4,alt_dt_0.70,0.7
