day_of_arrival,mean_arrival_triage,mean_arrival_ed,mean_arrival_referral,arrival_medical_assessment,mean_arrival_consultant_assessment,sdec_appopriate,prop_sdec_accepted,time_in_ed,prop_>4hr_breach,prop_>12hr_breach,run_number,Scenario,DT Threshold
Fri,0.0,4.646502964937281,40.830812093465546,1751.4914485528218,3324.872054554458,0.4484848484848485,0.017793594306049824,368.2198196625082,0.07272727272727272,0.051515151515151514,19,alt_dt_0.70,0.7
Mon,0.0,11.665611266334789,39.95191565151812,1345.3265669131988,3204.0234722193536,0.0013458950201884253,0.0633116883116883,549.1958381171895,0.10901749663526245,0.0901749663526245,19,alt_dt_0.70,0.7
Sat,0.0,9.245008922662825,40.01985866512984,1820.0484882474093,1939.4716410610793,0.40509915014164305,0.016286644951140065,149.0272032172412,0.0339943342776204,0.019830028328611898,19,alt_dt_0.70,0.7
Sun,0.0,1.8755328101850715,24.32100661484801,1917.9813112561965,2021.7168049063966,0.4253968253968254,0.07971014492753623,104.08968880022073,0.04126984126984127,0.0031746031746031746,19,alt_dt_0.70,0.7
Thu,0.0,6.746607866222996,32.243768151835944,1849.4080584735177,4788.023767983166,0.4117647058823529,0.017921146953405017,1143.3898406314768,0.19705882352941176,0.17352941176470588,19,alt_dt_0.70,0.7
Tue,0.0,9.298112939426298,41.74789632657286,1503.035118235678,3550.8294257155308,0.4340659340659341,0.026058631921824105,912.8375976765041,0.1978021978021978,0.17857142857142858,19,alt_dt_0.70,0.7
Wed,0.0,6.994245244453483,31.753909171209955,1602.5093268181997,3978.221456749219,0.4106145251396648,0.016556291390728478,1036.238665087239,0.22625698324022347,0.19553072625698323,19,alt_dt_0.70,0.7
