day_of_arrival,mean_arrival_triage,mean_arrival_ed,mean_arrival_referral,arrival_medical_assessment,mean_arrival_consultant_assessment,>4hr breach,>12hr breach
Tue,2.5375731919824243,83.45952813400645,261.19741754051927,20.561010117315085,344.27547516715373,0.2773109243697479,0.028011204481792718
