day_of_arrival,mean_arrival_triage,mean_arrival_ed,mean_arrival_referral,arrival_medical_assessment,mean_arrival_consultant_assessment,sdec_appopriate,prop_sdec_accepted,time_in_ed,prop_>4hr_breach,prop_>12hr_breach,run_number
Fri,3.6997772068879593,118.19577083708542,200.98069587246144,644.7044424918685,858.0233072664842,0.10989010989010989,0.014652014652014652,325.257331745359,0.4094955489614243,0.12462908011869436,50
Mon,2.6753952211093934,26.865452324519612,107.9794356856382,207.69178393212331,361.795212733964,0.0962962962962963,0.06319702602230483,139.90063284547125,0.1235632183908046,0.0028735632183908046,50
Sat,3.4920789998068384,89.65672841463284,168.16590496327262,612.1826867970108,869.6057874432481,0.10655737704918032,0.01639344262295082,260.53527778814583,0.29721362229102166,0.08668730650154799,50
Sun,1.7241802869611398,41.551124884845756,133.54340104532227,277.97899953709975,516.1933165400437,0.07083333333333333,0.025,198.30176969841366,0.2857142857142857,0.03986710963455149,50
Thu,6.2513622047010315,178.02732651079512,294.62850543117713,584.4398431659159,829.0084085483044,0.09195402298850575,0.01532567049808429,353.7222554330374,0.49390243902439024,0.11585365853658537,50
Tue,3.566753706040287,84.01365075669919,183.29457108125618,292.8050902274233,441.06015823645424,0.09420289855072464,0.021739130434782608,209.82240887716537,0.323943661971831,0.028169014084507043,50
Wed,3.7947232761242735,143.81852143359077,242.8024762635722,495.0664477296749,687.9958762297202,0.08823529411764706,0.014705882352941176,308.02768864120634,0.441340782122905,0.08100558659217877,50
