day_of_arrival,mean_arrival_triage,mean_arrival_ed,mean_arrival_referral,arrival_medical_assessment,mean_arrival_consultant_assessment,sdec_appopriate,prop_sdec_accepted,time_in_ed,prop_>4hr_breach,prop_>12hr_breach,run_number
Tue,3.154630974358667,56.88870303964123,193.37150731417833,39.08704880443012,575.9984464103661,0.3015267175572519,0.019083969465648856,247.66047757719,0.2554517133956386,0.018691588785046728,5
