day_of_arrival,mean_arrival_triage,mean_arrival_ed,mean_arrival_referral,arrival_medical_assessment,mean_arrival_consultant_assessment,>4hr breach,>12hr breach
Tue,4.377416066439384,87.18407983770196,237.09024245129186,5.327494619732925,342.1501576125979,0.3076923076923077,0.014245014245014245
