day_of_arrival,mean_arrival_triage,mean_arrival_ed,mean_arrival_referral,arrival_medical_assessment,mean_arrival_consultant_assessment,sdec_appopriate,prop_sdec_accepted,time_in_ed,prop_>4hr_breach,prop_>12hr_breach,run_number
Tue,5.389456660162851,10.642486827808952,87.41300367690549,1747.748743923773,1830.2988303078191,0.288135593220339,0.01694915254237288,223.56194281875216,0.12953367875647667,0.06217616580310881,20
Wed,7.425859559120827,12.652781242445002,105.25701053908178,,,0.296551724137931,0.013888888888888888,107.77687429739666,0.04788732394366197,0.0,20
