day_of_arrival,mean_arrival_triage,mean_arrival_ed,mean_arrival_referral,arrival_medical_assessment,mean_arrival_consultant_assessment,sdec_appopriate,prop_sdec_accepted,prop_>4hr_breach,prop_>12hr_breach
Mon,18.168499247080813,95.48971757318539,257.48335972000154,19.737618850961198,375.65411229423626,0.24390243902439024,0.08013937282229965,0.31151832460732987,0.002617801047120419
