measure,mean_value
Arrival to Triage Nurse Assessment,18.168499247080813
Arrival to ED Assessment,95.48971757318539
Arrival to Referral,257.48335972000154
Arrival to Medical Assessment,19.737618850961198
Arrival to Consultant Assessment,375.65411229423626
SDEC Appropriate,0.24390243902439024
SDEC Accepted,0.08013937282229965
>4hr breach,0.31151832460732987
>12hr breach,0.002617801047120419
Proportion Referred - Medicine,0.20680628272251309
