day_of_arrival,mean_arrival_triage,mean_arrival_ed,mean_arrival_referral,arrival_medical_assessment,mean_arrival_consultant_assessment
Fri,5.0658540775668826,72.58644831435117,325.93391813830476,30.652754953120773,620.4334620334863
Sat,1.352009856781104,27.28175172979859,338.1234950211585,8.125609098976142,570.814587846147
Sun,2.8145670759710613,30.382351604016517,241.62998153322678,6.421861556428121,357.70521915652625
Thu,2.2863016651714227,20.913945961475832,335.90606518234284,61.386938241131226,618.0090315393038
Tue,7.428900113521505,163.95471910161316,445.12408361160624,11.995102365731917,648.5934444363121
Wed,4.837695910648692,50.48202058393273,363.84715524057,13.522870872350415,659.9451943261671
