day_of_arrival,mean_arrival_triage,mean_arrival_ed,mean_arrival_referral,arrival_medical_assessment,mean_arrival_consultant_assessment,sdec_appopriate,prop_sdec_accepted,time_in_ed,prop_>4hr_breach,prop_>12hr_breach,run_number
Tue,4.749920748721033,113.90428769793574,282.5928847403106,77.39644212665529,1160.4946334009546,0.23793103448275862,0.017241379310344827,282.5176435655048,0.3064516129032258,0.016129032258064516,5
