day_of_arrival,mean_arrival_triage,mean_arrival_ed,mean_arrival_referral,arrival_medical_assessment,mean_arrival_consultant_assessment,sdec_appopriate,prop_sdec_accepted,time_in_ed,prop_>4hr_breach,prop_>12hr_breach,run_number
Fri,5.364189450305102,19.302998190292403,82.8338916032004,106.96877863973803,398.2914629277819,0.043795620437956206,0.014598540145985401,191.2971060807582,0.20461095100864554,0.040345821325648415,5
Sat,2.8108687582388954,8.552878489654608,62.45385209318392,78.61164879180849,329.8376679464199,0.036885245901639344,0.01639344262295082,156.72223389955005,0.11935483870967742,0.01935483870967742,5
Sun,1.6962876603817925,44.147809296891154,101.20249487935871,0.0,,0.13043478260869565,0.0,99.87045961607818,0.0,0.0,5
Thu,1.1319663136096318,9.474138920182504,64.98656298356852,102.97697104890956,332.64008415486717,0.048,0.016,186.7677888234143,0.18292682926829268,0.051829268292682924,5
Tue,10.748149351757535,36.06115503993616,89.54824643060257,292.9431594307973,577.5411622315702,0.045454545454545456,0.01948051948051948,205.3014085735084,0.18546365914786966,0.05764411027568922,5
Wed,3.442081183424358,18.368469209145967,74.89576786131444,221.71210194923387,542.3372603126902,0.03968253968253968,0.015873015873015872,217.74295291904036,0.23404255319148937,0.060790273556231005,5
