day_of_arrival,mean_arrival_triage,mean_arrival_ed,mean_arrival_referral,arrival_medical_assessment,mean_arrival_consultant_assessment,sdec_appopriate,prop_sdec_accepted,time_in_ed,prop_>4hr_breach,prop_>12hr_breach,run_number,Scenario,DT Threshold
Fri,0.0,1.032158498539123,36.267215971895745,2463.806044554138,2623.86558365247,0.45396825396825397,0.019305019305019305,171.0650508513878,0.03492063492063492,0.01904761904761905,11,alt_dt_0.70,0.7
Mon,0.0,3.087268745502569,30.487039587373815,1629.707643552618,3863.128263845636,0.001392757660167131,0.06430868167202572,769.9545251795976,0.14066852367688024,0.12256267409470752,11,alt_dt_0.70,0.7
Sat,0.0,3.4553599319836565,37.345405469613425,2559.3932909992213,2655.328191013195,0.4095238095238095,0.017985611510791366,147.58850961425108,0.0380952380952381,0.012698412698412698,11,alt_dt_0.70,0.7
Sun,0.0,3.6705497484111875,39.089006102599654,2652.0856409516036,2676.1289900546362,0.39664804469273746,0.06422018348623854,101.32211381571578,0.0223463687150838,0.002793296089385475,11,alt_dt_0.70,0.7
Thu,0.0,5.771921053873311,42.93306749362877,2220.768675146281,4958.357077431252,0.3977272727272727,0.01639344262295082,897.720891022733,0.1278409090909091,0.11647727272727272,11,alt_dt_0.70,0.7
Tue,0.0,3.0875016812416054,37.5962390312727,1959.8571105406063,4519.739551995118,0.44648318042813456,0.025454545454545455,1083.34516407336,0.21406727828746178,0.18654434250764526,11,alt_dt_0.70,0.7
Wed,0.0,0.7206213922998866,27.365987815044004,2012.8659219037886,4814.642212102313,0.40752351097178685,0.01845018450184502,1254.5302611551735,0.21630094043887146,0.19122257053291536,11,alt_dt_0.70,0.7
