day_of_arrival,mean_arrival_triage,mean_arrival_ed,mean_arrival_referral,arrival_medical_assessment,mean_arrival_consultant_assessment,sdec_appopriate,prop_sdec_accepted,time_in_ed,prop_>4hr_breach,prop_>12hr_breach,run_number,Scenario,DT Threshold
Fri,0.0,9.38097588513823,58.72406628009264,2005.5811875831942,3662.1115822129223,0.3959537572254335,0.017421602787456445,1013.4378176135837,0.20520231213872833,0.16473988439306358,5,alt_dt_0.70,0.7
Mon,0.0,24.19944047427763,39.31702448655564,1338.0546926822838,2476.7363406743175,0.001218026796589525,0.05807365439093484,398.6307681685416,0.09500609013398295,0.08160779537149818,5,alt_dt_0.70,0.7
Sat,0.0,3.045292410797827,32.86873451284055,1941.3468867391523,2076.2617298398095,0.43506493506493504,0.019083969465648856,136.92359055251956,0.03571428571428571,0.016233766233766232,5,alt_dt_0.70,0.7
Sun,0.0,1.1307572299737092,32.85082161380047,1816.7925022687268,1944.050813795119,0.41233766233766234,0.04059040590405904,160.96771273489324,0.05519480519480519,0.025974025974025976,5,alt_dt_0.70,0.7
Thu,0.0,2.240656271373316,34.933525984887716,1678.8356114553164,3631.536213823656,0.42729970326409494,0.0176678445229682,1061.3786186484676,0.20771513353115728,0.20178041543026706,5,alt_dt_0.70,0.7
Tue,0.0,12.06178091428749,44.926327982695454,1335.7602184700124,2439.5575610451115,0.4218289085545723,0.024305555555555556,735.4060948725221,0.2359882005899705,0.19469026548672566,5,alt_dt_0.70,0.7
Wed,0.0,2.8035635718633447,31.010789963126996,1462.6114628906373,3053.8068001546185,0.421875,0.019011406844106463,878.9861552260207,0.228125,0.2,5,alt_dt_0.70,0.7
