day_of_arrival,mean_arrival_triage,mean_arrival_ed,mean_arrival_referral,arrival_medical_assessment,mean_arrival_consultant_assessment,sdec_appopriate,prop_sdec_accepted,time_in_ed,prop_>4hr_breach,prop_>12hr_breach,run_number,Scenario,DT Threshold
Fri,0.0,10.984534444084002,44.39560501636108,1044.4818359464243,3059.4941234245453,0.4119318181818182,0.01694915254237288,801.3869134504764,0.1846590909090909,0.1590909090909091,8,alt_dt_0.70,0.7
Mon,0.0,3.797077641360929,35.986350333922054,605.4359449729941,2448.677612524279,0.0013531799729364006,0.07062600321027288,433.87429150486787,0.11637347767253045,0.08795669824086604,8,alt_dt_0.70,0.7
Sat,0.0,0.9419408694693201,28.48341066813664,814.7362653247612,1906.7687092149145,0.36231884057971014,0.02100840336134454,137.08984641916265,0.028985507246376812,0.007246376811594203,8,alt_dt_0.70,0.7
Sun,0.0,2.2020842221089696,46.07400031059729,877.0408115123467,1109.2919425469356,0.42857142857142855,0.06944444444444445,130.40020011141456,0.060790273556231005,0.02127659574468085,8,alt_dt_0.70,0.7
Thu,0.0,8.314346052319179,40.50468268575571,940.9036268521572,3191.9359381405256,0.3916913946587537,0.017857142857142856,946.9083230570707,0.23738872403560832,0.20474777448071216,8,alt_dt_0.70,0.7
Tue,0.0,3.5294305596099846,32.12331864764919,517.142232355559,2402.8057570401793,0.3651226158038147,0.023333333333333334,605.1432107276655,0.17983651226158037,0.14168937329700274,8,alt_dt_0.70,0.7
Wed,0.0,1.6461877285661386,32.156517209034426,572.7151759670361,2693.43192931815,0.41935483870967744,0.01838235294117647,804.6381653244694,0.22903225806451613,0.2129032258064516,8,alt_dt_0.70,0.7
