day_of_arrival,mean_arrival_triage,mean_arrival_ed,mean_arrival_referral,arrival_medical_assessment,mean_arrival_consultant_assessment,sdec_appopriate,prop_sdec_accepted,time_in_ed,prop_>4hr_breach,prop_>12hr_breach,run_number,Scenario,DT Threshold
Fri,0.0,4.486357405716922,25.15361587923423,2059.640890914432,3332.973113460189,0.41761363636363635,0.016339869281045753,909.3068479262224,0.23863636363636365,0.20738636363636365,15,alt_dt_0.70,0.7
Mon,0.0,21.253455593126205,43.49223194963038,1421.0146627199322,1990.2681097463803,0.001321003963011889,0.06144393241167435,341.3256297320606,0.11624834874504623,0.083223249669749,15,alt_dt_0.70,0.7
Sat,0.0,1.520236483070039,42.167445438586014,2256.4604030757437,3206.05370341698,0.35738831615120276,0.020080321285140562,306.01480317229147,0.06529209621993128,0.048109965635738834,15,alt_dt_0.70,0.7
Sun,0.0,0.6027039894959837,36.58061774358521,2199.8952322120817,2263.651969896757,0.37142857142857144,0.07942238267148015,128.0234928016189,0.031746031746031744,0.012698412698412698,15,alt_dt_0.70,0.7
Thu,0.0,3.406529320721215,33.244004389511076,1979.0565919600501,2940.375364884181,0.3867924528301887,0.01858736059479554,782.7252608597831,0.21069182389937108,0.19811320754716982,15,alt_dt_0.70,0.7
Tue,0.0,10.887188665842196,53.685239626797404,1599.27172188004,2312.3960312878476,0.42265193370165743,0.02,670.9221725570516,0.21823204419889503,0.20165745856353592,15,alt_dt_0.70,0.7
Wed,0.0,1.4769773039889158,42.00002650238397,1801.611285415538,2675.847712998575,0.3644578313253012,0.01838235294117647,726.5094874443732,0.21084337349397592,0.1897590361445783,15,alt_dt_0.70,0.7
