day_of_arrival,mean_arrival_triage,mean_arrival_ed,mean_arrival_referral,arrival_medical_assessment,mean_arrival_consultant_assessment,sdec_appopriate,prop_sdec_accepted,time_in_ed,prop_>4hr_breach,prop_>12hr_breach,run_number,Scenario,DT Threshold
Fri,0.0,8.560772147023956,52.221150323923375,1586.3667476665335,3715.5364471528846,0.4045584045584046,0.01718213058419244,689.9973112289665,0.14814814814814814,0.11396011396011396,12,alt_dt_0.70,0.7
Mon,0.0,4.137375810663564,37.358097905966524,1462.8422122443553,3263.7578880405276,0.001326259946949602,0.08346456692913386,480.4508651038926,0.10875331564986737,0.08355437665782493,12,alt_dt_0.70,0.7
Sat,0.0,1.7022086694777085,34.56711943916436,1413.6979168948849,1584.164523934958,0.45751633986928103,0.019011406844106463,140.57697565900702,0.0392156862745098,0.0196078431372549,12,alt_dt_0.70,0.7
Sun,0.0,0.6403911164886876,36.91751276528245,1590.6036301606316,1741.3860282413577,0.3914590747330961,0.06538461538461539,111.53134562878591,0.03558718861209965,0.010676156583629894,12,alt_dt_0.70,0.7
Thu,0.0,5.109208553085966,34.1564665806223,1446.7147467150623,3716.361727765135,0.4265129682997118,0.018115942028985508,1258.0866292212763,0.2564841498559078,0.2334293948126801,12,alt_dt_0.70,0.7
Tue,0.0,10.637651668486566,52.591763022877586,1409.9167553332713,3282.866934341248,0.4481792717086835,0.02,842.7491072673382,0.19047619047619047,0.1792717086834734,12,alt_dt_0.70,0.7
Wed,0.0,2.105294907319623,34.42826026598423,1322.9563260322118,3467.3426747409885,0.37116564417177916,0.01845018450184502,821.2549785339055,0.19631901840490798,0.18098159509202455,12,alt_dt_0.70,0.7
