day_of_arrival,mean_arrival_triage,mean_arrival_ed,mean_arrival_referral,arrival_medical_assessment,mean_arrival_consultant_assessment,sdec_appopriate,prop_sdec_accepted,time_in_ed,prop_>4hr_breach,prop_>12hr_breach,run_number,Scenario,DT Threshold
Fri,0.0,1.8850069934777165,33.813327518728855,2170.127297791094,3647.158711987974,0.45151515151515154,0.017421602787456445,895.5312732042585,0.2,0.17575757575757575,16,alt_dt_0.70,0.7
Mon,0.0,10.804338146392881,36.9782309833854,1696.1097710839683,2586.5916363373653,0.0013623978201634877,0.08482871125611746,412.59804765386446,0.11171662125340599,0.08446866485013624,16,alt_dt_0.70,0.7
Sat,0.0,2.490431019060467,40.039853216691036,2261.665974035286,2464.007802757147,0.37920489296636084,0.017921146953405017,150.56892185364958,0.03363914373088685,0.01834862385321101,16,alt_dt_0.70,0.7
Sun,0.0,0.9261622563071261,43.26195409637613,2092.351877743507,2233.109871712902,0.3624161073825503,0.06296296296296296,114.25964751221395,0.0436241610738255,0.006711409395973154,16,alt_dt_0.70,0.7
Thu,0.0,7.230756759877178,39.77066467806157,2252.7831524800476,3766.25215434538,0.4362017804154303,0.01838235294117647,897.2057178003475,0.18397626112759644,0.16913946587537093,16,alt_dt_0.70,0.7
Tue,0.0,1.8223901599979495,61.47642023062343,1942.0237855845803,2798.6945608493907,0.4228395061728395,0.023255813953488372,806.5591733693883,0.2222222222222222,0.19753086419753085,16,alt_dt_0.70,0.7
Wed,0.0,2.9516282635532227,42.4691825806303,2217.1737950128218,3261.3926613076433,0.4268292682926829,0.018050541516245487,987.1036384126048,0.24390243902439024,0.21951219512195122,16,alt_dt_0.70,0.7
