day_of_arrival,mean_arrival_triage,mean_arrival_ed,mean_arrival_referral,arrival_medical_assessment,mean_arrival_consultant_assessment,sdec_appopriate,prop_sdec_accepted,time_in_ed,prop_>4hr_breach,prop_>12hr_breach,run_number,Scenario,DT Threshold
Fri,0.0,5.149271602351861,45.29149252122002,794.795868048873,3403.2618229856844,0.41641337386018235,0.01773049645390071,930.16200843017,0.18541033434650456,0.17325227963525835,7,alt_dt_0.70,0.7
Mon,0.0,3.634397619099355,35.42946244430053,1154.2307252746762,2894.595691147078,0.0013123359580052493,0.08150470219435736,436.8801733289368,0.09580052493438321,0.07611548556430446,7,alt_dt_0.70,0.7
Sat,0.0,2.363637659259562,41.29634555807369,1013.754887099184,1237.092194082018,0.40939597315436244,0.019083969465648856,125.67402637523921,0.040268456375838924,0.02348993288590604,7,alt_dt_0.70,0.7
Sun,0.0,0.4481920647562166,35.60537088265505,1088.5350526249726,1252.4485587251925,0.4139072847682119,0.0708955223880597,161.3551124572178,0.04966887417218543,0.04304635761589404,7,alt_dt_0.70,0.7
Thu,0.0,3.0908110765188286,26.17604906825043,844.1597759375364,3263.6295446982163,0.41914191419141916,0.020080321285140562,815.4000301738852,0.1848184818481848,0.15181518151815182,7,alt_dt_0.70,0.7
Tue,0.0,2.1599625202081927,39.417460359826535,1095.7633568861875,2880.334164202289,0.382183908045977,0.020833333333333332,884.572292816028,0.20114942528735633,0.1867816091954023,7,alt_dt_0.70,0.7
Wed,0.0,1.2567393363654638,46.686679979843795,1216.0334944058193,3470.7470499556534,0.403125,0.019305019305019305,972.9049907661903,0.21875,0.18125,7,alt_dt_0.70,0.7
