day_of_arrival,mean_arrival_triage,mean_arrival_ed,mean_arrival_referral,arrival_medical_assessment,mean_arrival_consultant_assessment,sdec_appopriate,prop_sdec_accepted,time_in_ed,prop_>4hr_breach,prop_>12hr_breach,run_number,Scenario,DT Threshold
Fri,0.0,15.415411280500903,50.385510263293554,1637.9052485362322,3154.834124857336,0.38315217391304346,0.016129032258064516,793.2758692473443,0.1983695652173913,0.1766304347826087,23,alt_dt_0.70,0.7
Mon,0.0,7.376888709377008,33.51203565984768,688.4557092025651,1742.541879129026,0.001287001287001287,0.07555555555555556,345.0395332646242,0.11711711711711711,0.0888030888030888,23,alt_dt_0.70,0.7
Sat,0.0,6.769445972034994,36.17688179759074,1872.0813676289101,2774.681628797352,0.39589442815249265,0.016181229773462782,549.4747639118153,0.12903225806451613,0.11143695014662756,23,alt_dt_0.70,0.7
Sun,0.0,0.8319384924083832,34.9552716367062,1945.924948022884,2082.6980442604013,0.4107744107744108,0.046875,125.58243796305106,0.03367003367003367,0.010101010101010102,23,alt_dt_0.70,0.7
Thu,0.0,2.7826765255255337,38.777282819413095,1594.7460872040665,2850.303484959607,0.40061162079510704,0.01838235294117647,775.8149081324995,0.21712538226299694,0.18960244648318042,23,alt_dt_0.70,0.7
Tue,0.0,3.8139756594167005,29.767639472412597,932.4908103052335,2036.6032326476102,0.3982808022922636,0.024054982817869417,633.8100559136344,0.23209169054441262,0.1977077363896848,23,alt_dt_0.70,0.7
Wed,0.0,6.2648068857291,59.50333257754234,1331.5920613219278,2548.1471791825793,0.3978494623655914,0.016286644951140065,793.7914337696928,0.22849462365591397,0.20430107526881722,23,alt_dt_0.70,0.7
