day_of_arrival,mean_arrival_triage,mean_arrival_ed,mean_arrival_referral,arrival_medical_assessment,mean_arrival_consultant_assessment,sdec_appopriate,prop_sdec_accepted,time_in_ed,prop_>4hr_breach,prop_>12hr_breach,run_number,Scenario,DT Threshold
Fri,0.0,10.831988556202287,35.568122552892596,2535.8549471276297,3838.547117037901,0.4135135135135135,0.01592356687898089,410.0457689989355,0.06486486486486487,0.05405405405405406,20,alt_dt_0.70,0.7
Mon,0.0,7.4085451544992305,39.80338146633131,1106.3439060294277,2368.0614376906683,0.0013089005235602095,0.07255520504731862,453.6154248996629,0.12303664921465969,0.10078534031413612,20,alt_dt_0.70,0.7
Sat,0.0,0.5133715590200671,43.303828957538784,2684.368573811478,2800.2471465693284,0.36713286713286714,0.02032520325203252,202.90472421217478,0.05244755244755245,0.027972027972027972,20,alt_dt_0.70,0.7
Sun,0.0,5.84848962924081,37.50043599041586,,,0.4532967032967033,0.055900621118012424,92.66875226768725,0.019230769230769232,0.0,20,alt_dt_0.70,0.7
Thu,0.0,6.997451782090138,37.26824045376301,2332.2403656991924,3970.0422078622496,0.4434782608695652,0.016835016835016835,1190.037551019955,0.2144927536231884,0.2028985507246377,20,alt_dt_0.70,0.7
Tue,0.0,3.7143504437589865,51.86465083441327,1524.9001624925736,2765.3697969470113,0.4078549848942598,0.020833333333333332,834.5444067085313,0.24471299093655588,0.2175226586102719,20,alt_dt_0.70,0.7
Wed,0.0,3.210882545733932,46.78448348843398,1940.013739910645,3192.25919228379,0.4088235294117647,0.017482517482517484,989.4751454734592,0.2235294117647059,0.2088235294117647,20,alt_dt_0.70,0.7
