day_of_arrival,mean_arrival_triage,mean_arrival_ed,mean_arrival_referral,arrival_medical_assessment,mean_arrival_consultant_assessment,sdec_appopriate,prop_sdec_accepted,time_in_ed,prop_>4hr_breach,prop_>12hr_breach,run_number,Scenario,DT Threshold
Fri,0.0,4.355127078963628,40.15881358312371,3534.3202265569716,3643.8432794633213,0.44776119402985076,0.01718213058419244,263.3365865388751,0.06567164179104477,0.03283582089552239,6,alt_dt_0.70,0.7
Mon,0.0,14.02692154423295,40.00692164219367,1584.481816752967,3495.131546542289,0.001287001287001287,0.0891238670694864,552.1958923306585,0.11454311454311454,0.09395109395109395,6,alt_dt_0.70,0.7
Sat,0.0,0.6469440627515542,39.71324945561873,3427.5997037785,3616.8479081624737,0.4095940959409594,0.020833333333333332,125.64054973316622,0.025830258302583026,0.007380073800738007,6,alt_dt_0.70,0.7
Sun,0.0,2.652445220465498,31.741911616376516,,,0.4025157232704403,0.07368421052631578,95.45182246727423,0.025157232704402517,0.0,6,alt_dt_0.70,0.7
Thu,0.0,12.585062466699869,46.28199281109219,3076.135351102788,4794.924881152516,0.408955223880597,0.016835016835016835,1005.9100368977684,0.1582089552238806,0.13432835820895522,6,alt_dt_0.70,0.7
Tue,0.0,5.160435303731256,52.03362048390458,1990.6703794179587,3706.9739779449474,0.444743935309973,0.01935483870967742,1008.9456059942889,0.22911051212938005,0.19137466307277629,6,alt_dt_0.70,0.7
Wed,0.0,12.622404451824254,48.55450678863222,2441.213708408582,4414.391371228123,0.39893617021276595,0.015873015873015872,1358.565152581754,0.26595744680851063,0.22340425531914893,6,alt_dt_0.70,0.7
