day_of_arrival,mean_arrival_triage,mean_arrival_ed,mean_arrival_referral,arrival_medical_assessment,mean_arrival_consultant_assessment,sdec_appopriate,prop_sdec_accepted,time_in_ed,prop_>4hr_breach,prop_>12hr_breach,run_number,Scenario,DT Threshold
Fri,0.0,3.1759335433500593,30.999318474712943,1348.0181418738462,2866.479335981268,0.3903133903133903,0.016611295681063124,858.1040118172659,0.2535612535612536,0.22507122507122507,13,alt_dt_0.70,0.7
Mon,0.0,11.845670523000287,35.699084539592576,1215.1597642056486,2528.9527619656283,0.0013623978201634877,0.07075471698113207,369.05699365612855,0.10490463215258855,0.07629427792915532,13,alt_dt_0.70,0.7
Sat,0.0,3.355927864796212,38.87847829760122,1532.198114043611,2853.405261067179,0.44666666666666666,0.019157088122605363,395.5394731414401,0.1,0.07333333333333333,13,alt_dt_0.70,0.7
Sun,0.0,0.3776128939273004,36.22824418636568,1330.541615664847,1489.2931327607228,0.4097222222222222,0.058365758754863814,109.91024077995925,0.03819444444444445,0.010416666666666666,13,alt_dt_0.70,0.7
Thu,0.0,3.50470565354078,58.87981926104742,1067.538220835653,2247.4909229056566,0.38857142857142857,0.0176678445229682,594.6952251237984,0.19142857142857142,0.15428571428571428,13,alt_dt_0.70,0.7
Tue,0.0,20.60636795777113,47.20434895967238,1052.1159526146796,1880.0478653289458,0.4094488188976378,0.01875,534.0710342737921,0.1942257217847769,0.16272965879265092,13,alt_dt_0.70,0.7
Wed,0.0,3.1450753734530097,44.63370743569101,1102.3707896136566,2162.5057658065257,0.43440233236151604,0.017985611510791366,691.526623229774,0.22448979591836735,0.20116618075801748,13,alt_dt_0.70,0.7
