day_of_arrival,mean_arrival_triage,mean_arrival_ed,mean_arrival_referral,arrival_medical_assessment,mean_arrival_consultant_assessment,sdec_appopriate,prop_sdec_accepted,time_in_ed,prop_>4hr_breach,prop_>12hr_breach,run_number,Scenario,DT Threshold
Fri,0.0,6.1467247542289885,33.48636600930907,2134.054867282997,3699.166433882028,0.38333333333333336,0.016339869281045753,435.57848611023144,0.07777777777777778,0.06111111111111111,25,alt_dt_0.70,0.7
Mon,0.0,3.46402665756065,35.68981143371581,938.2992435708856,2740.669168973051,0.0013089005235602095,0.07278481012658228,528.4758112436599,0.1256544502617801,0.09816753926701571,25,alt_dt_0.70,0.7
Sat,0.0,4.3648088237300104,36.61490599776403,2171.613731900026,2333.7559602877122,0.4304635761589404,0.01893939393939394,204.18594096529014,0.04966887417218543,0.033112582781456956,25,alt_dt_0.70,0.7
Sun,0.0,1.2303436675120043,35.50810708779853,2080.542557031022,2203.0645062440935,0.4125,0.045936395759717315,127.68947389600936,0.034375,0.0125,25,alt_dt_0.70,0.7
Thu,0.0,8.300571735742999,45.03660595099935,1631.2038425719563,3910.70532104776,0.4143646408839779,0.016233766233766232,1384.0236912462135,0.26519337016574585,0.2513812154696133,25,alt_dt_0.70,0.7
Tue,0.0,6.406845964883798,51.615142107879635,1149.7535450291562,3170.6836366841076,0.3914285714285714,0.026755852842809364,856.904972594987,0.21142857142857144,0.19142857142857142,25,alt_dt_0.70,0.7
Wed,0.0,4.325126053450824,35.767651888069246,1287.525066068761,3172.056812950523,0.4220430107526882,0.01597444089456869,796.5211054555913,0.19623655913978494,0.1639784946236559,25,alt_dt_0.70,0.7
