day_of_arrival,mean_arrival_triage,mean_arrival_ed,mean_arrival_referral,arrival_medical_assessment,mean_arrival_consultant_assessment,sdec_appopriate,prop_sdec_accepted,time_in_ed,prop_>4hr_breach,prop_>12hr_breach,run_number,Scenario,DT Threshold
Fri,0.0,5.6615763199240785,35.322275784150975,2372.058012549292,3805.774585788089,0.3850415512465374,0.016722408026755852,500.12232162923783,0.08587257617728532,0.07202216066481995,21,alt_dt_0.70,0.7
Mon,0.0,7.163088289607271,41.18194143997105,1213.5732421254527,2250.6303444782793,0.0012987012987012987,0.06278026905829596,383.780750662558,0.11298701298701298,0.08961038961038961,21,alt_dt_0.70,0.7
Sat,0.0,1.63763618990131,34.54329136862332,2417.841316606568,2520.068875281172,0.3769968051118211,0.01893939393939394,157.0530910574465,0.054313099041533544,0.01597444089456869,21,alt_dt_0.70,0.7
Sun,0.0,1.6441823197491139,53.51742064138663,2173.79360135832,2363.892972812122,0.4647887323943662,0.04032258064516129,127.16932934967001,0.045774647887323945,0.01056338028169014,21,alt_dt_0.70,0.7
Thu,0.0,12.730176311583968,29.898230925556085,2067.4032359789367,3975.1390519155602,0.352112676056338,0.016666666666666666,1298.7384871417855,0.2647887323943662,0.23380281690140844,21,alt_dt_0.70,0.7
Tue,0.0,1.3399731410400308,49.08970227965002,1197.3861230160107,2470.2081168644495,0.4367469879518072,0.02197802197802198,731.1510562732917,0.21084337349397592,0.19879518072289157,21,alt_dt_0.70,0.7
Wed,0.0,9.5784891348334,42.158635582536924,1621.035101073126,2941.962716207198,0.3973333333333333,0.016339869281045753,891.7121459954318,0.23466666666666666,0.216,21,alt_dt_0.70,0.7
