day_of_arrival,mean_arrival_triage,mean_arrival_ed,mean_arrival_referral,arrival_medical_assessment,mean_arrival_consultant_assessment,sdec_appopriate,prop_sdec_accepted,time_in_ed,prop_>4hr_breach,prop_>12hr_breach,run_number,Scenario,DT Threshold
Fri,0.0,3.4243017807201572,36.35400747541541,1199.494804396155,3528.076355712968,0.3783783783783784,0.016025641025641024,668.6108476606281,0.12972972972972974,0.11081081081081082,17,alt_dt_0.70,0.7
Mon,0.0,3.875303635874765,34.950106222692796,741.1477239552495,2597.96954063754,0.001402524544179523,0.07588532883642496,495.6878103000662,0.13183730715287517,0.10098176718092566,17,alt_dt_0.70,0.7
Sat,0.0,2.6736738060950396,40.910448936816714,1253.4365097484556,1383.5077878971788,0.40594059405940597,0.019083969465648856,132.24200516772297,0.0462046204620462,0.0165016501650165,17,alt_dt_0.70,0.7
Sun,0.0,3.356134362639836,27.429387984710996,1196.2995612589812,1291.464817185414,0.421875,0.05574912891986063,133.9567499285306,0.053125,0.021875,17,alt_dt_0.70,0.7
Thu,0.0,8.709026083450306,41.534538057183156,1025.9662963513833,3234.5538518222925,0.403899721448468,0.017361111111111112,928.5810844472607,0.17548746518105848,0.1532033426183844,17,alt_dt_0.70,0.7
Tue,0.0,8.944070242466395,46.68361855642913,931.7370217452219,3280.8445086395054,0.46467391304347827,0.020066889632107024,907.1167798182595,0.1956521739130435,0.1793478260869565,17,alt_dt_0.70,0.7
Wed,0.0,4.243086712256847,33.65993139080404,1161.6828037070552,3534.9271952804734,0.35522388059701493,0.018315018315018316,1008.6683244867152,0.21194029850746268,0.2,17,alt_dt_0.70,0.7
