day_of_arrival,mean_arrival_triage,mean_arrival_ed,mean_arrival_referral,arrival_medical_assessment,mean_arrival_consultant_assessment,sdec_appopriate,prop_sdec_accepted,time_in_ed,prop_>4hr_breach,prop_>12hr_breach,run_number,Scenario,DT Threshold
Fri,0.0,6.456257789871094,34.769115209786264,2010.8728562401525,3618.0351797233166,0.40707964601769914,0.0176678445229682,868.2832026799906,0.17699115044247787,0.1592920353982301,10,alt_dt_0.70,0.7
Mon,0.0,5.306069948046598,34.05918520529868,1544.420992008106,2644.7589501974335,0.0013717421124828531,0.08019639934533551,497.0108947145679,0.1289437585733882,0.10699588477366255,10,alt_dt_0.70,0.7
Sat,0.0,4.848333234706512,34.32533604257758,1745.224460409667,1952.197271202386,0.4473684210526316,0.018518518518518517,160.15799981289197,0.03618421052631579,0.02631578947368421,10,alt_dt_0.70,0.7
Sun,0.0,1.100908235057669,42.64701055255546,1634.2708005796023,1764.1108089350703,0.39747634069400634,0.07958477508650519,130.53691859077944,0.03785488958990536,0.01892744479495268,10,alt_dt_0.70,0.7
Thu,0.0,0.9539697600236642,49.61927490253815,2036.9953060311122,3643.7564399738417,0.4012539184952978,0.01858736059479554,1019.8007756636011,0.2225705329153605,0.20689655172413793,10,alt_dt_0.70,0.7
Tue,0.0,11.464363573330598,32.39984471252727,1721.95743066351,2944.5938710203513,0.42441860465116277,0.020761245674740483,729.8585729881943,0.19767441860465115,0.18023255813953487,10,alt_dt_0.70,0.7
Wed,0.0,4.74483872364706,32.3159686912089,1819.7760554144686,3194.174410027677,0.39457831325301207,0.017985611510791366,931.5595450501197,0.22289156626506024,0.21385542168674698,10,alt_dt_0.70,0.7
