day_of_arrival,mean_arrival_triage,mean_arrival_ed,mean_arrival_referral,arrival_medical_assessment,mean_arrival_consultant_assessment,sdec_appopriate,prop_sdec_accepted,time_in_ed,prop_>4hr_breach,prop_>12hr_breach,run_number,Scenario,DT Threshold
Fri,0.0,3.345332758298465,41.89124023631484,1682.3450758063946,3707.4266358150594,0.43142857142857144,0.016722408026755852,850.0249276622916,0.16857142857142857,0.14857142857142858,18,alt_dt_0.70,0.7
Mon,0.0,5.202181225443791,24.550479117689157,428.5626769917926,1479.7218416095436,0.0013869625520110957,0.0704,287.50451766844833,0.09986130374479889,0.07628294036061026,18,alt_dt_0.70,0.7
Sat,0.0,1.3312333340015683,26.92382997895065,1594.8500962291039,1754.3830610518548,0.3917525773195876,0.019305019305019305,118.99153169968864,0.030927835051546393,0.010309278350515464,18,alt_dt_0.70,0.7
Sun,0.0,0.6667348915868554,46.88260400375906,1387.5383333501916,1573.7057167220833,0.40404040404040403,0.06538461538461539,129.75949889545868,0.04377104377104377,0.020202020202020204,18,alt_dt_0.70,0.7
Thu,0.0,8.351159420425054,26.88123791084793,1176.5117113739268,3431.9667289075933,0.38095238095238093,0.01639344262295082,973.6784647530084,0.23809523809523808,0.20448179271708683,18,alt_dt_0.70,0.7
Tue,0.0,6.216157032089332,35.91673560784112,481.23871829268614,2024.6324125648703,0.3763440860215054,0.022151898734177215,652.0173082206605,0.23118279569892472,0.18548387096774194,18,alt_dt_0.70,0.7
Wed,0.0,4.880655890331399,37.596656993272425,725.2670816825306,2902.5868080059745,0.4010840108401084,0.016556291390728478,978.1047697937108,0.24932249322493225,0.2222222222222222,18,alt_dt_0.70,0.7
