day_of_arrival,mean_arrival_triage,mean_arrival_ed,mean_arrival_referral,arrival_medical_assessment,mean_arrival_consultant_assessment,sdec_appopriate,prop_sdec_accepted,time_in_ed,prop_>4hr_breach,prop_>12hr_breach,run_number,Scenario,DT Threshold
Fri,0.0,2.1423242619164675,36.826980094476546,2183.0622906600724,2266.4547836558218,0.44891640866873067,0.01718213058419244,134.0490542704006,0.034055727554179564,0.01238390092879257,9,alt_dt_0.70,0.7
Mon,0.0,7.403491261896926,35.56901852345904,1415.984562315021,3714.449480828537,0.001375515818431912,0.06829268292682927,645.0565473877523,0.11279229711141678,0.09491059147180192,9,alt_dt_0.70,0.7
Sat,0.0,1.357692723837202,27.029747169584336,2155.4739130506246,2336.059689212345,0.3741496598639456,0.01968503937007874,192.5955818968464,0.047619047619047616,0.027210884353741496,9,alt_dt_0.70,0.7
Sun,0.0,0.7292781278602207,41.636987671702045,2051.283940023766,2143.8618670130254,0.40955631399317405,0.064,91.54208758756185,0.027303754266211604,0.0,9,alt_dt_0.70,0.7
Thu,0.0,3.7242767076529497,28.02933825577121,2144.3764327490553,4454.337207584754,0.35646687697160884,0.01953125,1068.7448169269767,0.15457413249211358,0.15141955835962145,9,alt_dt_0.70,0.7
Tue,0.0,9.096293340395986,53.16122046299034,1530.305742424007,3817.0153129058604,0.42406876790830944,0.019801980198019802,1044.748804313468,0.22922636103151864,0.2034383954154728,9,alt_dt_0.70,0.7
Wed,0.0,11.721373300010255,30.5628739938246,1805.3458987163042,4862.726984285801,0.44502617801047123,0.015151515151515152,1210.4578575504795,0.21204188481675393,0.193717277486911,9,alt_dt_0.70,0.7
