day_of_arrival,mean_arrival_triage,mean_arrival_ed,mean_arrival_referral,arrival_medical_assessment,mean_arrival_consultant_assessment,sdec_appopriate,prop_sdec_accepted,time_in_ed,prop_>4hr_breach,prop_>12hr_breach,run_number,Scenario,DT Threshold
Fri,0.0,3.8705817982193773,44.6000716725649,2122.8505574034216,3798.73093396481,0.438953488372093,0.01718213058419244,697.8680593615043,0.12790697674418605,0.10174418604651163,14,alt_dt_0.70,0.7
Mon,0.0,15.01583151656353,39.43675092207195,996.9304784325265,2706.252631115519,0.0013605442176870747,0.05741626794258373,468.7794489974484,0.11700680272108843,0.08979591836734693,14,alt_dt_0.70,0.7
Sat,0.0,1.338329082595364,31.550570234987884,2335.0206482712283,2499.6155819052574,0.423841059602649,0.018518518518518517,149.06418949471544,0.033112582781456956,0.016556291390728478,14,alt_dt_0.70,0.7
Sun,0.0,1.6766653225541246,40.88778791392443,2074.9425290241074,2146.1256278256424,0.4271523178807947,0.06130268199233716,116.05040243328287,0.019867549668874173,0.009933774834437087,14,alt_dt_0.70,0.7
Thu,0.0,7.926747292958898,64.69946820415707,1915.7296459905401,4033.3160428938377,0.4577259475218659,0.017543859649122806,1012.4575019711126,0.17201166180758018,0.16034985422740525,14,alt_dt_0.70,0.7
Tue,0.0,7.963078369631055,39.686300318636796,1245.0145421507284,3143.603148137015,0.4110787172011662,0.023411371237458192,972.092598969765,0.24489795918367346,0.22448979591836735,14,alt_dt_0.70,0.7
Wed,0.0,11.400825603418559,39.36403527148643,1658.3610317606222,3719.0658477679294,0.41543026706231456,0.017006802721088437,1116.557135121711,0.2522255192878338,0.22551928783382788,14,alt_dt_0.70,0.7
