"news2","news2_probs"
"0",0.4
"1",0.3
"2",0.1
"3",0.08
"4",0.04
"5",0.03
"6",0.02
"7",0.02
"8",0.01
"9",0.01
"10",0.00009
"11",0.00008
"12",0.0001
"13",0.0001
"14",0.00007
"15",0.00003
"16",0.00004
"17",0.00002
"19",0.000009
