day_of_arrival,mean_arrival_triage,mean_arrival_ed,mean_arrival_referral,arrival_medical_assessment,mean_arrival_consultant_assessment,sdec_appopriate,prop_sdec_accepted,time_in_ed,prop_>4hr_breach,prop_>12hr_breach,run_number,Scenario,DT Threshold
Fri,0.0,5.808727831822699,30.691286522242763,1786.266573149249,3680.619350005696,0.3888888888888889,0.016129032258064516,645.6536771911186,0.13333333333333333,0.1,1,alt_dt_0.70,0.7
Mon,0.0,6.6412228481587,33.23451371885853,1223.3305121262256,2723.767519032216,0.0013513513513513514,0.06612903225806452,440.43776961989016,0.10810810810810811,0.08513513513513514,1,alt_dt_0.70,0.7
Sat,0.0,0.4307986544355408,35.39010386502415,1648.6179656994461,1777.8594874034536,0.40145985401459855,0.021739130434782608,145.8583223891149,0.040145985401459854,0.021897810218978103,1,alt_dt_0.70,0.7
Sun,0.0,2.6171686094495943,43.4123676432845,1251.2419682855243,1367.3595111034444,0.4563106796116505,0.044444444444444446,134.0407735715671,0.04854368932038835,0.022653721682847898,1,alt_dt_0.70,0.7
Thu,0.0,11.313572516912993,39.98677437235781,1649.7655692053802,3863.3930616086186,0.4252199413489736,0.017543859649122806,1088.3661946371515,0.21994134897360704,0.19648093841642228,1,alt_dt_0.70,0.7
Tue,0.0,5.384902740695515,31.218401648338084,1398.4705016377382,3156.5027444263233,0.4306784660766962,0.02120141342756184,802.2592887121012,0.20648967551622419,0.17699115044247787,1,alt_dt_0.70,0.7
Wed,0.0,6.4670479559999094,38.5646992447686,1464.4987801359102,3448.129063578331,0.42424242424242425,0.01773049645390071,993.8631890214142,0.23030303030303031,0.21212121212121213,1,alt_dt_0.70,0.7
