mu,sigma,ks_stat,ks_p,sim_mean,obs_mean,mean_diff,n_sim
3.975,0.39,0.12483536307236154,1.4382802001193365e-274,254.09827224465846,302.3248252983668,48.22655305370836,22756
3.975,0.395,0.11947848409690923,1.2135928219175143e-252,287.5777264470239,302.3248252983668,14.747098851342912,22875
3.975,0.4,0.1337874618387319,1.854315453e-315,372.7397934394537,302.3248252983668,70.41496814108689,22755
3.98,0.39,0.10022282046817715,2.571053783755553e-176,335.2754968048224,302.3248252983668,32.95067150645559,22669
3.98,0.395,0.11861511122419949,2.7435148098592484e-248,275.2334629061194,302.3248252983668,27.09136239224739,22801
3.98,0.4,0.1030652467241043,1.086666471308564e-185,304.6661113438335,302.3248252983668,2.3412860454666884,22563
