day_of_arrival,mean_arrival_triage,mean_arrival_ed,mean_arrival_referral,arrival_medical_assessment,mean_arrival_consultant_assessment,sdec_appopriate,prop_sdec_accepted,time_in_ed,prop_>4hr_breach,prop_>12hr_breach,run_number,Scenario,DT Threshold
Fri,0.0,1.795951568828425,35.825337601846954,1793.1135911207436,3360.6236360334224,0.38095238095238093,0.01824817518248175,925.0402323698696,0.23174603174603176,0.20317460317460317,3,alt_dt_0.70,0.7
Mon,0.0,10.501335503907303,35.4170804848931,1555.2588143476041,2495.479221765339,0.0013003901170351106,0.07250755287009064,456.7327169820907,0.12743823146944083,0.10403120936280884,3,alt_dt_0.70,0.7
Sat,0.0,1.344569534574483,45.558650706747834,2022.938457109099,2295.041856134387,0.4095238095238095,0.017857142857142856,192.3846930655868,0.047619047619047616,0.02857142857142857,3,alt_dt_0.70,0.7
Sun,0.0,2.8660041400229863,31.88251635111111,2045.3057015191323,2213.9562064616975,0.43790849673202614,0.07142857142857142,99.15613592278277,0.02287581699346405,0.0032679738562091504,3,alt_dt_0.70,0.7
Thu,0.0,2.9474305995468297,41.92262087045355,2007.2505198184563,3060.303950132426,0.4174454828660436,0.019230769230769232,726.1561092453278,0.17757009345794392,0.1526479750778816,3,alt_dt_0.70,0.7
Tue,0.0,1.9802491439297618,43.62090198878194,1775.088935885446,2608.2544282212075,0.39644970414201186,0.020761245674740483,669.7715769789546,0.20118343195266272,0.1863905325443787,3,alt_dt_0.70,0.7
Wed,0.0,8.876645378461888,27.376878927789,1970.281148032371,2711.292931000846,0.39420289855072466,0.016286644951140065,680.8918254923672,0.21159420289855072,0.19130434782608696,3,alt_dt_0.70,0.7
