day_of_arrival,mean_arrival_triage,mean_arrival_ed,mean_arrival_referral,arrival_medical_assessment,mean_arrival_consultant_assessment,sdec_appopriate,prop_sdec_accepted,time_in_ed,prop_>4hr_breach,prop_>12hr_breach,run_number,Scenario,DT Threshold
Fri,0.0,6.631743288877008,35.703131049723005,1678.363714950708,3213.835684654813,0.44986449864498645,0.015479876160990712,935.9342489802517,0.2222222222222222,0.20596205962059622,22,alt_dt_0.70,0.7
Mon,0.0,3.000019322596949,34.09795361073532,566.7544789476818,1458.8647344198102,0.0013333333333333333,0.07740916271721959,288.73687620829685,0.10666666666666667,0.09333333333333334,22,alt_dt_0.70,0.7
Sat,0.0,0.4854508628093824,37.8541330017221,1663.2872849771572,2095.2814755429126,0.3814814814814815,0.020242914979757085,123.57981604822092,0.02962962962962963,0.014814814814814815,22,alt_dt_0.70,0.7
Sun,0.0,0.777664932631985,36.21200822855629,1576.5600964337987,1692.366324322664,0.41237113402061853,0.050980392156862744,142.91329784895999,0.041237113402061855,0.024054982817869417,22,alt_dt_0.70,0.7
Thu,0.0,0.9246579144360468,37.85372395038691,1339.0266206082074,2465.7148155956556,0.40809968847352024,0.01858736059479554,819.7831992076418,0.2523364485981308,0.2367601246105919,22,alt_dt_0.70,0.7
Tue,0.0,5.816875898530821,27.74784936263064,1090.4783627043605,2103.6250209096256,0.36827195467422097,0.02027027027027027,586.7113353872403,0.21813031161473087,0.19830028328611898,22,alt_dt_0.70,0.7
Wed,0.0,0.5519434452338167,34.10386462342814,1382.2411715205342,2345.1048090521767,0.4388059701492537,0.018518518518518517,636.0290192706193,0.208955223880597,0.191044776119403,22,alt_dt_0.70,0.7
